Category,Name,URL,Description,Cost,Details
Sources > Email Addresses,MailCat,https://github.com/sharsil/mailcat,Open source tool hosted on GitHub,Tool/App,
Sources > IP Addresses > Geolocation,KodIT,https://kodit.pl/geolokalizacja,Polish language resource,,
Sources > IP Addresses > Geolocation,LokalizacjaIP,https://lokalizacjaip.pl/,Polish language resource,,
Sources > Domains > Lists / Registers,Lista Domen Usuniętych - dns.pl,https://www.dns.pl/lista_domen_usunietych,Polish language resource,,
Sources > Domains > Lists / Registers,Lista Ostrzeżeń przed niebezpiecznymi stronami,https://cert.pl/lista-ostrzezen/,Polish language resource,,
Sources > Domains > Lists / Registers,Rejestr Domen Służących do Oferowania Gier Hazardowych Niezgodnie z Ustawą,https://hazard.mf.gov.pl/,Government official resource,,
Sources > Domains > Lists / Registers,Rejestr Domen Zakazanych,https://www.rejestrdomenzakazanych.pl/,Polish language resource,,
Sources > Domains > Shorteners,Tiny.pl,https://tiny.pl/<identyfikator>!,Polish language resource,Manual/Template,
Sources > Domains > Shorteners,utn.pl,https://utn.pl/<identyfikator>+,Polish language resource,Manual/Template,
Sources > Domains > WHOIS,Krajowy Rejestr Domen - dns.pl,https://www.dns.pl/whois,Polish language resource,,
Sources > Domains,Cyber URL Scanner,https://cyscan.io/,Web-based resource from cyscan.io,,
Sources > Domains,Sarenka,https://github.com/pawlaczyk/sarenka,Open source tool hosted on GitHub,Tool/App,
Sources > Maps / Geolocation Tools > Historical,Mapster,http://igrek.amzp.pl/,Polish language resource,,
Sources > Maps / Geolocation Tools > Historical,Archiwum Map Zachodniej Polski,http://mapy.amzp.pl/,Polish language resource,,
Sources > Maps / Geolocation Tools > Historical,Atlas Fontium - Mapy z przeszłością,https://atlas.ihpan.edu.pl/pastmaps/,Educational institution resource,,
Sources > Maps / Geolocation Tools > Historical,Archiwum Map Wojskowego Instytutu Geograficznego,http://polski.mapywig.org/,Web-based resource from polski.mapywig.org,,
Sources > Maps / Geolocation Tools > Historical,Baza Miejscowości Kresowych,https://www.kami.net.pl/kresy/,Polish language resource,,
Sources > Maps / Geolocation Tools > Historical,retromapy.pl,https://retromapy.pl/,Polish language resource,,
Sources > Maps / Geolocation Tools > Historical,Fortyfikacje XX wieku na terenie Polski,http://www.fortyfikacja.pl/?a=mapa,Polish language resource,,
Sources > Maps / Geolocation Tools > Historical,Fortyfikacje w Polsce,http://www.fortress.hg.pl/pliki_htm/baza_mapa.htm,Polish language resource,,
Sources > Maps / Geolocation Tools > Historical,Mapa Zabytków,https://mapy.zabytek.gov.pl/nid/,Government official resource,,
Sources > Maps / Geolocation Tools > Aerial,Lotniska i lądowiska (dlapilota.pl),https://lotniska.dlapilota.pl/,Polish language resource,,
Sources > Maps / Geolocation Tools > Aerial,Mapa miejsc gminnych i lądowisk przyszpitalnych,https://www.lpr.com.pl/pl/mapa-miejsc-gminnych-oraz-ladowisk-przyszpitalnych/,Polish language resource,,
Sources > Maps / Geolocation Tools > Aerial,Pansa - mapa polskiej przestrzeni powietrznej AIP,https://airspace.pansa.pl/,Polish language resource,,
Sources > Maps / Geolocation Tools > Aerial,Urząd Lotnictwa Cywilnego - Mapy online,https://www.ulc.gov.pl/pl/zegluga-powietrzna/mapy-on-line,Government official resource,,
Sources > Maps / Geolocation Tools > Municipal Spatial Information Systems,Białystok,https://gisbialystok.pl/,Polish language resource,,
Sources > Maps / Geolocation Tools > Municipal Spatial Information Systems,Gdańsk,https://geogdansk.pl/,Polish language resource,,
Sources > Maps / Geolocation Tools > Municipal Spatial Information Systems,Kielce,https://gis.kielce.eu/,Web-based resource from gis.kielce.eu,,
Sources > Maps / Geolocation Tools > Municipal Spatial Information Systems,Kraków,https://msip.krakow.pl/,Polish language resource,,
Sources > Maps / Geolocation Tools > Municipal Spatial Information Systems,Lublin,https://geoportal.lublin.eu/,Web-based resource from geoportal.lublin.eu,,
Sources > Maps / Geolocation Tools > Municipal Spatial Information Systems,Poznań,http://sip.geopoz.pl/sip/,Polish language resource,,
Sources > Maps / Geolocation Tools > Municipal Spatial Information Systems,Szczecin,http://geoportal.szczecin.pl/,Polish language resource,,
Sources > Maps / Geolocation Tools > Municipal Spatial Information Systems,Warszawa,http://mapa.um.warszawa.pl/,Polish language resource,,
Sources > Maps / Geolocation Tools > Municipal Spatial Information Systems,Wrocław,https://geoportal.wroclaw.pl/,Polish language resource,,
Sources > Maps / Geolocation Tools > Meteorological,Awiacja IMGW,https://awiacja.imgw.pl/mapy-radarowe/,Polish language resource,,
Sources > Maps / Geolocation Tools > Meteorological,Radar Opadów,https://old.radar-opadow.pl/,Polish language resource,,
Sources > Maps / Geolocation Tools > Meteorological,Serwis Map Meteorologicznych IMGW,https://meteo.imgw.pl/dyn/,Polish language resource,,
Sources > Maps / Geolocation Tools > Provincial Spatial Information Systems,Dolnośląskie,https://geoportal.dolnyslask.pl/,Polish language resource,,
Sources > Maps / Geolocation Tools > Provincial Spatial Information Systems,Kujawsko-Pomorskie,https://mapy.mojregion.info/,Web-based resource from mapy.mojregion.info,,
Sources > Maps / Geolocation Tools > Provincial Spatial Information Systems,Lubelskie,http://gis.lubelskie.pl/geoportal/,Polish language resource,,
Sources > Maps / Geolocation Tools > Provincial Spatial Information Systems,Lubuskie,http://www.rsipwl.lubuskie.pl/,Polish language resource,,
Sources > Maps / Geolocation Tools > Provincial Spatial Information Systems,Łódzkie,https://lodzkie.e-mapa.net/,Web-based resource from lodzkie.e-mapa.net,,
Sources > Maps / Geolocation Tools > Provincial Spatial Information Systems,Małopolskie,https://miip.geomalopolska.pl/,Polish language resource,,
Sources > Maps / Geolocation Tools > Provincial Spatial Information Systems,Mazowieckie,https://msip.wrotamazowsza.pl/msip/Full.aspx,Polish language resource,,
Sources > Maps / Geolocation Tools > Provincial Spatial Information Systems,Opolskie,http://maps.opolskie.pl/,Polish language resource,,
Sources > Maps / Geolocation Tools > Provincial Spatial Information Systems,Podkarpackie,https://podkarpackie.e-mapa.net/,Web-based resource from podkarpackie.e-mapa.net,,
Sources > Maps / Geolocation Tools > Provincial Spatial Information Systems,Podlaskie,http://geoportal.wrotapodlasia.pl/,Polish language resource,,
Sources > Maps / Geolocation Tools > Provincial Spatial Information Systems,Pomorskie,https://pomorskie.e-mapa.net/,Web-based resource from pomorskie.e-mapa.net,,
Sources > Maps / Geolocation Tools > Provincial Spatial Information Systems,Śląskie,https://mapy.orsip.pl/imap/,Polish language resource,,
Sources > Maps / Geolocation Tools > Provincial Spatial Information Systems,Świętokrzyskie,http://sip.e-swietokrzyskie.pl/,Polish language resource,,
Sources > Maps / Geolocation Tools > Provincial Spatial Information Systems,Warmińsko-Mazurskie,https://warminskomazurskie.e-mapa.net/,Web-based resource from warminskomazurskie.e-mapa.net,,
Sources > Maps / Geolocation Tools > Provincial Spatial Information Systems,Wielkopolskie,https://wielkopolskie.e-mapa.net/,Web-based resource from wielkopolskie.e-mapa.net,,
Sources > Maps / Geolocation Tools > Provincial Spatial Information Systems,Zachodniopomorskie,https://sip.wzp.pl/,Polish language resource,,
Sources > Maps / Geolocation Tools > Telecommunication,BTSearch,http://beta.btsearch.pl/,Polish language resource,,
Sources > Maps / Geolocation Tools > Telecommunication,Mapa BTS - SocWare,https://bts.socware.pl/,Polish language resource,,
Sources > Maps / Geolocation Tools > Telecommunication,Mapa nadajników radiowych,https://nadajniki.yasiu.pl,Polish language resource,,
Sources > Maps / Geolocation Tools > Telecommunication,Mapa nadajników radiowych - SocWare,https://nadajniki.socware.pl/,Polish language resource,,
Sources > Maps / Geolocation Tools > Telecommunication,Wyszukiwarka UKE,https://wyszukiwarka.uke.gov.pl/,Government official resource,,
Sources > Maps / Geolocation Tools,ObliView,https://www.obliview.com/#section-demo,Web-based resource from obliview.com,,
Sources > Maps / Geolocation Tools,Targeo,https://mapa.targeo.pl/,Polish language resource,,
Sources > Maps / Geolocation Tools,Usługa lokalizacji adresów,https://punktyadresowe.pl/index.php?strona=usluga,Polish language resource,,
Sources > Maps / Geolocation Tools,Państwowy Rejestr Granic,https://www.geoportal.gov.pl/pl/dane/panstwowy-rejestr-granic-prg/,Government official resource,,
Sources > Maps / Geolocation Tools,Geoportal,https://mapy.geoportal.gov.pl,Government official resource,,
Sources > Maps / Geolocation Tools,Geoportal Otwartych Danych Przestrzennych,http://polska.e-mapa.net/,Web-based resource from polska.e-mapa.net,,
Sources > Maps / Geolocation Tools,InfoDziałka,https://play.google.com/store/apps/details?id=pl.encom.parcel,Google service or tool,Tool/App,
Sources > Maps / Geolocation Tools,Portal Geostatystyczny,https://portal.geo.stat.gov.pl/,Government official resource,,
Sources > Maps / Geolocation Tools,Usługa lokalizacji działek katastralnych,https://uldk.gugik.gov.pl/,Government official resource,,
Sources > Maps / Geolocation Tools,Bank Danych o Lasach,https://www.bdl.lasy.gov.pl/portal/mapy,Government official resource,,
Sources > Maps / Geolocation Tools,Serwis Map Meteorologicznych IMGW,https://meteo.imgw.pl/dyn/,Polish language resource,,
Sources > Maps / Geolocation Tools,Morskie Mapy Nawigacyjne - Biuro Hydrograficzne Marynarki Wojennej,https://bhmw.gov.pl/pl/pages/morskie-mapy-nawigacyjne-2018-09-20-v/,Government official resource,,
Sources > Maps / Geolocation Tools,System Informacji Przestrzennej Administracji Morskiej,https://sipam.gov.pl/,Government official resource,,
Sources > Maps / Geolocation Tools,Mapa Turystyczna,https://mapa-turystyczna.pl/,Polish language resource,,
Sources > Maps / Geolocation Tools,Mapa Informacji Drogowej,https://drogi.gddkia.gov.pl/mapy/mapa-informacji-drogowej,Government official resource,,
Sources > Maps / Geolocation Tools,Wyszukiwarka skrzynek pocztowych,https://www.poczta-polska.pl/znajdz-punkt/,Polish language resource,,
Sources > Maps / Geolocation Tools,Mapa sieci elektroenergetycznej,https://ebin.josm.pl/electricity/,Polish language resource,,
Sources > Maps / Geolocation Tools,Mapa przejść i obiektów Straży Granicznej,"https://strazgraniczna.pl/pl/mapa-przejsc-i-obiektow/1,dok.html",Polish language resource,,
Sources > Maps / Geolocation Tools,Orlen - Mapa stacji,https://www.orlen.pl/pl/dla-ciebie/stacje,Polish language resource,,
Sources > Maps / Geolocation Tools,Autokatalog - Stacje paliw,https://autokatalog.pl/stacje-paliw,Polish language resource,,
Sources > Maps / Geolocation Tools,Mapy Kolejowe PKP PLK,https://www.plk-sa.pl/o-spolce/biuro-prasowe/mapy,Polish language resource,,
Sources > Maps / Geolocation Tools,Mapy infrastruktury rowerowej,https://github.com/WroData/Mapy_infrastruktury_rowerowej_by_Jacek_Geborys/tree/main,Open source tool hosted on GitHub,,
Sources > Maps / Geolocation Tools,Mapa Drzew,https://aplikacja.mapadrzew.com/,Web-based resource from aplikacja.mapadrzew.com,,
Sources > Maps / Geolocation Tools,Mapy Roślinności IGiPZ PAN,https://www.igipz.pan.pl/Opracowania-on-line-zgik.html,Polish language resource,,
Sources > Maps / Geolocation Tools,Streetmap.pl,https://streetmap.pl/,Polish language resource,,
Sources > People > Genealogy,Baza danych o więźniach obozu Auschwitz-Birkenau,https://ofiary.auschwitz.org/victims,Web-based resource from ofiary.auschwitz.org,,
Sources > People > Genealogy,Baza Systemu Indeksacji Archiwalnej,http://www.basia.famula.pl/,Polish language resource,,
Sources > People > Genealogy,Jewish Record Indexing - Poland,https://jri-poland.org/jriplweb.htm,Web-based resource from jri-poland.org,,
Sources > People > Genealogy,Polish Genealogical Society of America,https://pgsa.org/,Web-based resource from pgsa.org,Registration Required,
Sources > People > Genealogy,Polish Roots,http://www.polishroots.com/Research/Surnames,Web-based resource from polishroots.com,,
Sources > People > Genealogy,Ornatowski.com,https://ornatowski.com/,Web-based resource from ornatowski.com,,
Sources > People > Genealogy,Serwis Polskiego Towarzystwa Genealogicznego,https://genealodzy.pl/,Polish language resource,,
Sources > People > Surnames,Internetowy słownik nazwisk w Polsce,https://nazwiska.ijp.pan.pl/,Polish language resource,,
Sources > People > Surnames,Otwarte Dane - Nazwiska występujące w rejestrze PESEL,"https://dane.gov.pl/pl/dataset/568,nazwiska-wystepujace-w-rejestrze-pesel",Government official resource,,
Sources > People > Surnames,nazwiska-polskie.pl,https://nazwiska-polskie.pl/,Polish language resource,,
Sources > People > Surnames,Rozkład występowania nazwisk w powiatach,http://nlp.actaforte.pl:8080/Nomina/Ndistr,Web-based resource from nlp.actaforte.pl:8080,,
Sources > People > Surnames,Otwarte Dane - Lista imion występujących w rejestrze PESEL,"https://dane.gov.pl/pl/dataset/1667,lista-imion-wystepujacych-w-rejestrze-pesel-osoby-zyjace",Government official resource,,
Sources > People > Surnames,Szukaj Nazwiska,https://szukaj-nazwiska.pl/,Polish language resource,,
Sources > People > Professional Registers > Medicine,Centralny Rejestr Farmaceutów,https://crf.ezdrowie.gov.pl/Search,Government official resource,,
Sources > People > Professional Registers > Medicine,Centralny Rejestr Lekarzy,https://rejestr.nil.org.pl/,Polish language resource,,
Sources > People > Professional Registers > Medicine,Krajowy Rejestr Fizjoterapeutów,https://kif.info.pl/rejestr/,Polish language resource,,
Sources > People > Professional Registers > Medicine,Rejestr Diagnostów Laboratoryjnych,https://kidl.org.pl/diagnostic/search,Polish language resource,,
Sources > People > Professional Registers > Medicine,Rejestr Podmiotów Wykonujących Działalność Leczniczą,https://rpwdl.ezdrowie.gov.pl/,Government official resource,,
Sources > People > Professional Registers > Medicine,Weryfikacja PWZ pielęgniarki/położnej,https://nipip.pl/weryfikacja-pwz/,Polish language resource,,
Sources > People > Professional Registers > Science,POL-on: Wykaz doktorów,https://polon.nauka.gov.pl/opi/aa/drh/zestawienie?execution=e5s1,Government official resource,,
Sources > People > Professional Registers > Science,POL-on: Wykaz profesorów,https://polon.nauka.gov.pl/opi/aa/prof/zestawienie?execution=e6s1,Government official resource,,
Sources > People > Professional Registers > Politics > Parties,Lewica,https://lewica.org.pl/strony/politycy/a,Polish language resource,,
Sources > People > Professional Registers > Politics > Parties,Nowoczesna,https://nowoczesna.org/partia/,Web-based resource from nowoczesna.org,,
Sources > People > Professional Registers > Politics > Parties,Platforma Obywatelska,https://platforma.org/ludzie#0,Web-based resource from platforma.org,,
Sources > People > Professional Registers > Politics > Parties,Polska2050,https://polska2050.pl/regiony/,Polish language resource,,
Sources > People > Professional Registers > Politics > Parties,Polskie Stronnictwo Ludowe,https://www.psl.pl/ludowcy/,Polish language resource,,
Sources > People > Professional Registers > Politics > Parties,Prawo i Sprawiedliwość,http://pis.org.pl/partia/wladze-ludzie,Polish language resource,,
Sources > People > Professional Registers > Politics > Parties,Razem,https://partiarazem.pl/o-nas/rada-krajowa/,Polish language resource,,
Sources > People > Professional Registers > Politics > Parties,Suwerenna Polska,https://suwerennapolska.pl/#partia,Polish language resource,,
Sources > People > Professional Registers > Politics > Parties,Zieloni,https://partiazieloni.pl/regiony/,Polish language resource,,
Sources > People > Professional Registers > Politics,Deputies,https://www.sejm.gov.pl/Sejm10.nsf/poslowie.xsp?type=A,Government official resource,,
Sources > People > Professional Registers > Politics,Senators,https://www.senat.gov.pl/sklad/senatorowie/,Government official resource,,
Sources > People > Professional Registers > Law,Krajowy Rejestr Adwokatów i Aplikantów Adwokackich,https://rejestradwokatow.pl/adwokat/ewidencja,Polish language resource,,
Sources > People > Professional Registers > Law,Lista Komorników Sądowych,https://arch-bip.ms.gov.pl/pl/rejestry-i-ewidencje/lista-komornikow-sadowych/,Government official resource,,
Sources > People > Professional Registers > Law,Monitor SLPS,https://slps.pl/,Polish language resource,,
Sources > People > Professional Registers > Law,Rejestr Radców Prawnych,https://rejestrradcow.pl/Home/Index,Polish language resource,,
Sources > People > Professional Registers > Clergy > The Catholic Church > Dioceses,Białystok,https://archibial.pl/duchowienstwo/,Polish language resource,,
Sources > People > Professional Registers > Clergy > The Catholic Church > Dioceses,Bielsko-Biała,https://diecezja.bielsko.pl/ksieza/,Polish language resource,,
Sources > People > Professional Registers > Clergy > The Catholic Church > Dioceses,Bydgoszcz,http://diecezja.bydgoszcz.pl/duchowienstwo/ksieza-alfabetycznie/,Polish language resource,,
Sources > People > Professional Registers > Clergy > The Catholic Church > Dioceses,Częstochowa,"https://archiczest.pl/kaplani,17/",Polish language resource,,
Sources > People > Professional Registers > Clergy > The Catholic Church > Dioceses,Drohiczyn,https://drohiczynska.pl/personalia/,Polish language resource,,
Sources > People > Professional Registers > Clergy > The Catholic Church > Dioceses,Gdańsk,https://www.diecezja.gda.pl/ksieza,Polish language resource,,
Sources > People > Professional Registers > Clergy > The Catholic Church > Dioceses,Gniezno,https://archidiecezja.pl/duchowienstwo/,Polish language resource,,
Sources > People > Professional Registers > Clergy > The Catholic Church > Dioceses,Kalisz,https://diecezja.kalisz.pl/kaplani,Polish language resource,,
Sources > People > Professional Registers > Clergy > The Catholic Church > Dioceses,Kielce,https://www.diecezja.kielce.pl/duchowienstwo/ksieza-alfabetycznie,Polish language resource,,
Sources > People > Professional Registers > Clergy > The Catholic Church > Dioceses,Koszalin,http://www.diecezjakoszalin.pl/kaplan,Polish language resource,,
Sources > People > Professional Registers > Clergy > The Catholic Church > Dioceses,Kraków,https://diecezja.pl/kaplani/,Polish language resource,,
Sources > People > Professional Registers > Clergy > The Catholic Church > Dioceses,Legnica,http://diecezja.legnica.pl/spis-ksiezy-diecezjalnych/,Polish language resource,,
Sources > People > Professional Registers > Clergy > The Catholic Church > Dioceses,Lublin,https://archidiecezjalubelska.pl/kaplani/,Polish language resource,,
Sources > People > Professional Registers > Clergy > The Catholic Church > Dioceses,Łowicz,https://diecezja.lowicz.pl/ksieza/,Polish language resource,,
Sources > People > Professional Registers > Clergy > The Catholic Church > Dioceses,Opole,https://www.diecezja.opole.pl/index.php/parafie-i-kaplani/alfabetycznie,Polish language resource,,
Sources > People > Professional Registers > Clergy > The Catholic Church > Dioceses,Pelplin,https://www.diecezja-pelplin.pl/kaplani/,Polish language resource,,
Sources > People > Professional Registers > Clergy > The Catholic Church > Dioceses,Płock,https://www.diecezjaplocka.pl/kontakt/ksieza,Polish language resource,,
Sources > People > Professional Registers > Clergy > The Catholic Church > Dioceses,Poznań,http://archpoznan.pl/pl/web/ksiadz/index,Polish language resource,,
Sources > People > Professional Registers > Clergy > The Catholic Church > Dioceses,Radom,https://diecezja.radom.pl/zmarli-kaplani/,Polish language resource,,
Sources > People > Professional Registers > Clergy > The Catholic Church > Dioceses,Rzeszów,https://diecezja.rzeszow.pl/kaplani-diecezji-rzeszowskiej/,Polish language resource,,
Sources > People > Professional Registers > Clergy > The Catholic Church > Dioceses,Sandomierz,https://diecezjasandomierska.pl/kaplani-diecezji-sandomierskiej/,Polish language resource,,
Sources > People > Professional Registers > Clergy > The Catholic Church > Dioceses,Siedlce,https://diecezja.siedlce.pl/diecezja/ksieza/indeks-osob/,Polish language resource,,
Sources > People > Professional Registers > Clergy > The Catholic Church > Dioceses,Szczecin,https://kuria.pl/wspolnoty/duszpasterze/,Polish language resource,,
Sources > People > Professional Registers > Clergy > The Catholic Church > Dioceses,Świdnica,https://www.diecezja.swidnica.pl/ksieza,Polish language resource,,
Sources > People > Professional Registers > Clergy > The Catholic Church > Dioceses,Toruń,https://diecezja-torun.pl/diecezja/kaplani,Polish language resource,,
Sources > People > Professional Registers > Clergy > The Catholic Church > Dioceses,Warszawa,https://archwwa.pl/personalia-w-archidiecezji/,Polish language resource,,
Sources > People > Professional Registers > Clergy > The Catholic Church > Dioceses,Warszawsko-Praska,https://diecezja.waw.pl/pasterze,Polish language resource,,
Sources > People > Professional Registers > Clergy > The Catholic Church > Dioceses,Włocławek,"https://www.diecezja.wloclawek.pl/pl,ksieza.html",Polish language resource,,
Sources > People > Professional Registers > Clergy > The Catholic Church > Dioceses,Warmia,https://archwarmia.pl/archidiecezja/duchowienstwo/,Polish language resource,,
Sources > People > Professional Registers > Clergy > The Catholic Church > Dioceses,Wrocław,https://www.archidiecezja.wroc.pl/ksieza_alf.php,Polish language resource,,
Sources > People > Professional Registers > Clergy > The Catholic Church > Dioceses,Zamość,https://diecezja.zamojskolubaczowska.pl/duchowienstwo,Polish language resource,,
Sources > People > Professional Registers > Clergy > The Catholic Church > Dioceses,Zielona Góra,https://diecezjazg.pl/dekanaty/,Polish language resource,,
Sources > People > Professional Registers > Clergy > The Catholic Church,Ogólny wykaz księży,https://www.rodzinakulik.eu/ogolny_wykaz_ksiezy/ogolny_wykaz_ksiezy_1_cz_1_a_j.pdf,Web-based resource from rodzinakulik.eu,,
Sources > People > Professional Registers > Clergy > The Catholic Church,Wielkopolscy Księża,http://www.wtg-gniazdo.org/ksieza/main.php?akcja=szukaj,Web-based resource from wtg-gniazdo.org,,
Sources > People > Professional Registers > Clergy,Muzułmański Związek Religijny,https://mzr.pl/imamowie/,Polish language resource,,
Sources > People > Professional Registers > Clergy,Polski Autokefaliczny Kościół Prawosławny,https://www.orthodox.pl/administracja/duszpasterstwo/,Polish language resource,,
Sources > People > Professional Registers > Other,Lista Tłumaczy Przysięgłych,https://arch-bip.ms.gov.pl/pl/rejestry-i-ewidencje/tlumacze-przysiegli/lista-tlumaczy-przysieglych/search.html,Government official resource,,
Sources > People > Professional Registers > Other,Lista Osób Posiadających Licencję Doradcy Restrukturyzacyjnego,https://arch-bip.ms.gov.pl/pl/rejestry-i-ewidencje/lista-osob-posiadajacych-licencje-doradcy-restrukturyzacyjnego/,Government official resource,,
Sources > People > Professional Registers > Other,Rejestr przedsiębiorców wykonujących działalność regulowaną w zakresie usług detektywistycznych,https://www.gov.pl/web/mswia/rejestr-przedsiebiorcow-wykonujacych-dzialalnosc-regulowana-w-zakresie-uslug-detektywistycznych4,Polish language resource,,
Sources > People > Professional Registers > Other,znajdźBiegłego.com,https://znajdzbieglego.com/pl/,Web-based resource from znajdzbieglego.com,,
Sources > People > Death Records > By Cities,Gdańsk,https://cmentarze-gdanskie.pl/chapter_77037.asp,Polish language resource,,
Sources > People > Death Records > By Cities,Kielce,http://cmentarzekieleckie.zielen.kielce.pl/szukaj.html,Polish language resource,,
Sources > People > Death Records > By Cities,Kraków,https://zck-krakow.pl/locator,Polish language resource,,
Sources > People > Death Records > By Cities,Łódź,http://cmentarzekomunalne.lodz.systkom.pl/szukaj.html,Polish language resource,,
Sources > People > Death Records > By Cities,Olsztyn,https://msipmo.olsztyn.eu/zck/start.html?gui=new,Web-based resource from msipmo.olsztyn.eu,,
Sources > People > Death Records > By Cities,Poznań,https://www.poznan.pl/mim/necropolis/,Polish language resource,,
Sources > People > Death Records > By Cities,Szczecin,http://cmentarze.szczecin.pl/chapter_11975.asp,Polish language resource,,
Sources > People > Death Records > By Cities,Warszawa,http://www.cmentarzekomunalne.com.pl/mapa/szukaj.php,Polish language resource,,
Sources > People > Death Records > By Cities,Wrocław,https://groby.cui.wroclaw.pl/,Polish language resource,,
Sources > People > Death Records > By Cities,Zielona Góra,http://www.mzp.pl/wyszukiwarka-grobow/szukaj,Polish language resource,,
Sources > People > Death Records,Grobonet,https://grobonet.com/,Web-based resource from grobonet.com,,
Sources > People > Death Records,KsiegaZmarlych24.pl,http://ksiegazmarlych24.pl/,Polish language resource,,
Sources > People > Death Records,Web Cmentarz,https://webcmentarz.pl/,Polish language resource,,
Sources > People > Death Records,Mogiły.pl,http://mogily.pl/start,Polish language resource,,
Sources > People > Death Records,Nekrologi Warszawskie,http://www.nekrologi-baza.pl/,Polish language resource,,
Sources > People,Policja - Baza Poszukiwanych,https://poszukiwani.policja.pl/,Polish language resource,,
Sources > People,Policja - Baza Zaginionych,https://zaginieni.policja.pl/,Polish language resource,,
Sources > People,Rejestr Sprawców Przestępstw na Tle Seksualnym,https://rps.ms.gov.pl/pl-PL/Public#/,Government official resource,Registration Required,
Sources > People,Biuletyn Informacji Publicznej IPN,https://katalog.bip.ipn.gov.pl/szukaj/,Government official resource,,
Sources > People,Indeks Represjonowanych - IPN,https://indeksrepresjonowanych.pl/wyszukiwanie,Polish language resource,,
Sources > People,Centralny Rejestr Beneficjentów Rzeczywistych,https://crbr.podatki.gov.pl/adcrbr/#/wyszukaj,Government official resource,,
Sources > People,Centrum Poszukiwań Ludzi Zaginionych,http://www.zaginieni.pl/home/,Polish language resource,,
Sources > Users / Logins > Direct Links To Profiles,Allegro,https://allegro.pl/uzytkownik/username,Polish language resource,Manual/Template,
Sources > Users / Logins > Direct Links To Profiles,ipon.pl,https://www.ipon.pl/randki/profile/username,Polish language resource,Manual/Template,
Sources > Users / Logins > Tools,NAMINT,https://seintpl.github.io/NAMINT/,Web-based resource from seintpl.github.io,,
Sources > Users / Logins > Tools,WhatsMyName.app,https://whatsmyname.app/,Web-based resource from whatsmyname.app,,
Sources > Social Media > Fediverse,101010.pl,https://101010.pl/,Polish language resource,Registration Required,
Sources > Social Media > Fediverse,pol.social,https://pol.social/,Web-based resource from pol.social,Registration Required,
Sources > Social Media > Fediverse,rigcz.club,https://rigcz.club/,Web-based resource from rigcz.club,Registration Required,
Sources > Social Media > Fediverse,quitter.pl,https://quitter.pl/,Polish language resource,,
Sources > Social Media > Fediverse,Citizen4 social hub,https://soc.citizen4.eu/,Web-based resource from soc.citizen4.eu,Registration Required,
Sources > Social Media,Albicla,https://albicla.com/,Web-based resource from albicla.com,Registration Required,
Sources > Social Media,Fotka,https://fotka.com/,Web-based resource from fotka.com,Registration Required,
Sources > Social Media,GG,https://www.gg.pl/gg/pl/search,Polish language resource,,
Sources > Social Media,Katalog GG,https://katalog.gg-czaty.pl/,Polish language resource,,
Sources > Social Media,gloria.tv,https://gloria.tv/,Web-based resource from gloria.tv,,
Sources > Social Media,hejto,https://www.hejto.pl/,Polish language resource,,
Sources > Social Media,lurker,https://lurker.land/,Web-based resource from lurker.land,,
Sources > Social Media,Maxmodels,https://www.maxmodels.pl/,Polish language resource,,
Sources > Social Media,megamodels.pl,http://megamodels.pl/,Polish language resource,,
Sources > Social Media,moblo,http://moblo.pl/,Polish language resource,,
Sources > Social Media,osobie.pl,http://osobie.pl/,Polish language resource,,
Sources > Social Media,PhotoBlog,https://www.photoblog.pl/,Polish language resource,,
Sources > Social Media,szmer.info,https://szmer.info/,Web-based resource from szmer.info,,
Sources > Social Media,QUEER,https://queer.pl/users,Polish language resource,,
Sources > Social Media,Wykop,https://www.wykop.pl/mikroblog,Polish language resource,Registration Required,
Sources > Dating > Sex,cichodaje.pl,https://cichodaje.pl/,Polish language resource,,
Sources > Dating > Sex,Datezone,https://www.datezone.com/,Web-based resource from datezone.com,Registration Required,
Sources > Dating > Sex,erodate,https://www.erodate.pl/,Polish language resource,Registration Required,
Sources > Dating > Sex,Zbiornik,https://zbiornik.com/,Web-based resource from zbiornik.com,Registration Required,
Sources > Dating,Sympatia,https://sympatia.onet.pl/,Polish language resource,Registration Required,
Sources > Dating,eDarling,https://www.edarling.pl/,Polish language resource,Registration Required,
Sources > Dating,ZaadoptujFaceta,https://www.zaadoptujfaceta.pl/,Polish language resource,Registration Required,
Sources > Dating,Przeznaczeni,https://www.przeznaczeni.pl/,Polish language resource,Registration Required,
Sources > Dating,Poznajmy Się,https://poznajmysie.pl/,Polish language resource,,
Sources > Dating,ipon,https://www.ipon.pl/randki/,Polish language resource,,
Sources > Companies / Organizations > Ratings,Absolvent,https://www.absolvent.pl/pracodawcy/,Polish language resource,,
Sources > Companies / Organizations > Ratings,GoWork,https://www.gowork.pl/opinie,Polish language resource,,
Sources > Companies / Organizations > Ratings,Opracodawcach.pl,http://www.opracodawcach.pl/,Polish language resource,,
Sources > Companies / Organizations > Ratings,Panorama Firm,https://panoramafirm.pl/,Polish language resource,,
Sources > Companies / Organizations > Registers > By Industry,Centralna Ewidencja Organizatorów Turystyki,https://ewidencja.ufg.pl/ewidencja/obywatel/ksiegi,Polish language resource,,
Sources > Companies / Organizations > Registers > By Industry,PoraDoPrzedszkola.pl,https://poradoprzedszkola.pl/,Polish language resource,,
Sources > Companies / Organizations > Registers > By Industry,Rejestr Medyczny,https://rejestrmedyczny.pl/,Polish language resource,,
Sources > Companies / Organizations > Registers > By Industry,Rejestr Pośredników Ubezpieczeniowych,https://rpu.knf.gov.pl/,Government official resource,,
Sources > Companies / Organizations > Registers > By Industry,Rejestr Żłobków,https://empatia.mpips.gov.pl/dla-swiadczeniobiorcow/rodzina/d3/rejestr-zlobkow-i-klubow,Government official resource,,
Sources > Companies / Organizations > Registers > By Industry,Świat Przychodni,https://swiatprzychodni.pl/,Polish language resource,,
Sources > Companies / Organizations > Registers > Debt Exchange,bazar długów,https://www.bazar-dlugow.pl/,Polish language resource,,
Sources > Companies / Organizations > Registers > Debt Exchange,dlugi.info,https://www.dlugi.info/,Web-based resource from dlugi.info,,
Sources > Companies / Organizations > Registers > Debt Exchange,Giełda-Długów.net,https://gielda-dlugow.net/,Web-based resource from gielda-dlugow.net,,
Sources > Companies / Organizations > Registers > Debt Exchange,Lista Długów,https://www.lista-dlugow.pl/,Polish language resource,,
Sources > Companies / Organizations > Registers > Debt Exchange,VERIF.PL,https://verif.pl/,Polish language resource,,
Sources > Companies / Organizations > Registers > Debt Exchange,VINDICAT,https://vindicat.pl/gielda-dlugow/,Polish language resource,,
Sources > Companies / Organizations > Registers > Debt Exchange,Vindix S.A.,https://gielda.vindix.pl/,Polish language resource,,
Sources > Companies / Organizations > Registers > Public Tenders,eGospodarka.pl,https://www.przetargi.egospodarka.pl/,Polish language resource,,
Sources > Companies / Organizations > Registers > Public Tenders,Eurobudowa.pl,https://www.eurobudowa.pl,Polish language resource,,
Sources > Companies / Organizations > Registers > Public Tenders,Internetowe Publikowanie Zamówień Publicznych,http://przetargi.ipzp.pl/,Polish language resource,,
Sources > Companies / Organizations > Registers > Public Tenders,platformazakupowa.pl,https://platformazakupowa.pl/,Polish language resource,,
Sources > Companies / Organizations > Registers > Public Tenders,portalzp.pl,https://www.portalzp.pl/przetargi,Polish language resource,,
Sources > Companies / Organizations > Registers > Public Tenders,PressInfo,https://www.pressinfo.pl/,Polish language resource,,
Sources > Companies / Organizations > Registers > Public Tenders,Przetargi.pl,https://przetargi.pl/,Polish language resource,,
Sources > Companies / Organizations > Registers > Public Tenders,SMARTPZP,https://portal.smartpzp.pl/,Polish language resource,,
Sources > Companies / Organizations > Registers,ALEO.com,https://aleo.com/,Web-based resource from aleo.com,,
Sources > Companies / Organizations > Registers,Baza Internetowa Regon,https://wyszukiwarkaregon.stat.gov.pl/appBIR/index.aspx,Government official resource,,
Sources > Companies / Organizations > Registers,Biała Lista VAT,https://play.google.com/store/apps/details?id=com.darktower.whitelist,Google service or tool,Tool/App,
Sources > Companies / Organizations > Registers,CEIDG,https://prod.ceidg.gov.pl/CEIDG/CEIDG.Public.UI/Search.aspx,Government official resource,,
Sources > Companies / Organizations > Registers,eKRS,https://ekrs.ms.gov.pl/web/wyszukiwarka-krs/strona-glowna/index.html,Government official resource,,
Sources > Companies / Organizations > Registers,Monitor Sądowy i Gospodarczy,https://www.imsig.pl/,Polish language resource,,
Sources > Companies / Organizations > Registers,Monitor Sądowy i Gospodarczy - Wyszukiwarka,https://wyszukiwarka-msig.ms.gov.pl/,Government official resource,,
Sources > Companies / Organizations > Registers,Krajowy Rejestr Zadłużonych,https://krz.ms.gov.pl/#!/application/KRZPortalPUB/1.4/KrzPortalPubGui.StronaGlowna?params=JTdCJTdE&seq=0,Government official resource,,
Sources > Companies / Organizations > Registers,Krajowy Rejestr Elektroniczny Przedsiębiorców Transportu Drogowego,https://kreptd.gitd.gov.pl/,Government official resource,,
Sources > Companies / Organizations > Registers,Mapa Dotacji UE,https://mapadotacji.gov.pl/,Government official resource,,
Sources > Companies / Organizations > Registers,Monitoring upadłości i restrukturyzacji,https://www.muir.pl/,Polish language resource,,
Sources > Companies / Organizations > Registers,Ogólnopolska Wyszukiwarka Gospodarcza,https://www.owg.pl/,Polish language resource,,
Sources > Companies / Organizations > Registers,Portal Rejestrów Sądowych,https://prs.ms.gov.pl/,Government official resource,,
Sources > Companies / Organizations > Registers,Przeglądarka dokumentów finansowych KRS,https://ekrs.ms.gov.pl/rdf/pd/search_df,Government official resource,,
Sources > Companies / Organizations > Registers,Prześwietl.pl,https://przeswietl.pl/,Polish language resource,Registration Required,
Sources > Companies / Organizations > Registers,Rejestr.io,https://rejestr.io/,Web-based resource from rejestr.io,,
Sources > Companies / Organizations > Registers,Rejestr przedstawicielstw przedsiębiorców zagranicznych,https://www.gov.pl/web/rozwoj-technologia/rejestr-przedstawicielstw-przedsiebiorcow-zagranicznych,Polish language resource,,
Sources > Companies / Organizations > Registers,Repozytorium Akt Rejestrowych,https://rar.ms.gov.pl/,Government official resource,,
Sources > Companies / Organizations > Registers,System Rejestracji Pomocy Publicznej - Ministerstwo Rolnictwa,https://srpp.minrol.gov.pl/,Government official resource,,
Sources > Companies / Organizations > Registers,System Udostępniania Danych o Pomocy Publicznej,https://sudop.uokik.gov.pl/home,Government official resource,,
Sources > Companies / Organizations > Registers,Wykaz Podatników VAT,https://www.podatki.gov.pl/wykaz-podatnikow-vat-wyszukiwarka/,Government official resource,,
Sources > Companies / Organizations > Registers,Wyszukiwarka podmiotów KNF,https://www.knf.gov.pl/podmioty/wyszukiwarka_podmiotow,Government official resource,,
Sources > Society > Social Research / Statistics,Antykorupcja - Analizy i Raporty,https://www.antykorupcja.gov.pl/ak/analizy-i-raporty/,Government official resource,,
Sources > Society > Social Research / Statistics,Bank Danych Lokalnych - Główny Urząd Statystyczny,https://bdl.stat.gov.pl/BDL/start,Government official resource,,
Sources > Society > Social Research / Statistics,Baza Demografia - Główny Urząd Statystyczny,http://demografia.stat.gov.pl/bazademografia/,Government official resource,,
Sources > Society > Social Research / Statistics,Polskie Badania Czytelnictwa,https://www.pbc.pl/,Polish language resource,,
Sources > Society > Subcultures > Hooligans > Hatred / Friendships / Agreements,Stadionowi Oprawcy - Ekipy,https://stadionowioprawcy.net/ekipa/,Web-based resource from stadionowioprawcy.net,,
Sources > Society > Subcultures > Hooligans > Hatred / Friendships / Agreements,Styl Kibica - Zgody,http://www.stylkibica.net/zgody/,Web-based resource from stylkibica.net,,
Sources > Society > Subcultures > Hooligans > Fights,Stadionowi Oprawcy - Pozaboiskowe Spotkania,https://stadionowioprawcy.net/kategoria/pozaboiskowe-spotkania/,Web-based resource from stadionowioprawcy.net,,
Sources > Society > Subcultures > Hooligans > Fights,Styl Kibica - Grill,http://www.stylkibica.net/grill/,Web-based resource from stylkibica.net,,
Sources > Society > Subcultures > Hooligans,Ultras Diary,http://ultrasdiary.pl/,Polish language resource,,
Sources > Society > Subcultures,TattooArtist - Studia Tatuażu,https://www.tattooartist.pl/studia/lista,Polish language resource,,
Sources > Society,Rejestr Kościołów i innych związków wyznaniowych,https://www.gov.pl/web/mswia/rejestr-kosciolow-i-innych-zwiazkow-wyznaniowych,Polish language resource,,
Sources > Public Security,Aplikacja SCHRONY,https://schrony.straz.gov.pl/,Government official resource,,
Sources > Public Security,Dobowy raport bezpieczeństwa - Lubuskie,https://www.gov.pl/web/uw-lubuski/dobowy-raport-bezpieczenstwa,Polish language resource,,
Sources > Public Security,Hydro IMGW-PIB,https://hydro.imgw.pl/#/map,Polish language resource,,
Sources > Public Security,Krajowa Mapa Zagrożeń Bezpieczeństwa,https://mapy.geoportal.gov.pl/iMapLite/KMZBPublic.html,Government official resource,,
Sources > Public Security,Policyjna mapa zagrożeń przestępstwami na tle seksualnym,https://policja.maps.arcgis.com/apps/MapJournal/index.html?appid=338ca7cf5e5043778c76b14f696c8eab,Web-based resource from policja.maps.arcgis.com,,
Sources > Public Security,Raport dobowy RCB,https://www.gov.pl/web/rcb/raport-dobowy,Polish language resource,,
Sources > Public Security,Sytuacja Radiacyjna - Państwowa Agencja Atomistyki,https://www.gov.pl/web/paa/sytuacja-radiacyjna,Polish language resource,,
Sources > Business / Economy > Commerce > Allegro,Archiwum Allegro,https://archiwum.allegro.pl/,Polish language resource,,
Sources > Business / Economy > Commerce > Allegro,Darmowe Archiwum Alle,http://archiwumalle.pl/,Polish language resource,,
Sources > Business / Economy > Commerce > Allegro,TradeWatch,https://tradewatch.pl/,Polish language resource,Registration Required,
Sources > Business / Economy > Stock Exchange,GPW,https://www.gpw.pl/,Polish language resource,,
Sources > Business / Economy > Stock Exchange,Parkiet,https://www.parkiet.com/,Web-based resource from parkiet.com,,
Sources > Business / Economy > Stock Exchange,Stockwatch,https://www.stockwatch.pl/,Polish language resource,,
Sources > Business / Economy > Stock Exchange,Stooq,https://stooq.pl/,Polish language resource,,
Sources > Business / Economy > Industry,energy.instrat.pl,http://energy.instrat.pl/,Polish language resource,,
Sources > Business / Economy > Industry,GPI - dane rynku energii elektrycznej,https://gpi.tge.pl/web/gpi,Polish language resource,,
Sources > Business / Economy > Industry,Polskie Sieci Elektroenergetyczne - KSE,https://www.pse.pl/dane-systemowe,Polish language resource,,
Sources > Business / Economy > Industry,Rejestry i wykazy Urzędu Regulacji Energetyki,https://rejestry.ure.gov.pl,Government official resource,,
Sources > Business / Economy,Jaki to bank - direct.money.pl,https://direct.money.pl/jaki-to-bank,Polish language resource,,
Sources > Archives,Biblioteka Nauki,https://bibliotekanauki.pl/,Polish language resource,,
Sources > Archives,Biblioteki Cyfrowe w Polsce,https://lustrobiblioteki.pl/biblioteki-cyfrowe-polsce/,Polish language resource,,
Sources > Archives,Dane Publiczne IMGW,https://danepubliczne.imgw.pl/,Polish language resource,,
Sources > Archives,Europeana,https://www.europeana.eu/pl,Web-based resource from europeana.eu,,
Sources > Archives,Inwentarz archiwalny IPN,https://inwentarz.ipn.gov.pl,Government official resource,,
Sources > Archives,Narodowe Archiwum Cyfrowe,https://audiovis.nac.gov.pl/,Government official resource,,
Sources > Archives,Polona,https://polona.pl,Polish language resource,,
Sources > Archives,Repozytorium Cyfrowe Instytutów Naukowych,https://rcin.org.pl,Polish language resource,,
Sources > Archives,szukajwarchiwach.gov.pl,https://www.szukajwarchiwach.gov.pl/,Government official resource,,
Sources > Archives,Wojskowe Biuro Historyczne,https://wbh.wp.mil.pl/pl/,Polish language resource,,
Sources > Archives,Wypożyczalnia Academica,https://academica.edu.pl/,Educational institution resource,,
Sources > Translations > Language / Dialect,Elektroniczny Słownik Języka Polskiego XVII i XVIII wieku,https://sxvii.pl/,Polish language resource,,
Sources > Translations > Language / Dialect,Internetowy Słownik Języka Kaszubskiego,https://sloworz.org/,Web-based resource from sloworz.org,,
Sources > Translations > Language / Dialect,Kaszebe.org,https://kaszebe.org/,Web-based resource from kaszebe.org,,
Sources > Translations > Language / Dialect,Mały słownik gwary więziennej,https://www.zpozdrowieniem.pl/blog/gamzac-grypsem-slownik-gwary-wieziennej,Polish language resource,,
Sources > Translations > Language / Dialect,Gwara góralska,http://www.finito.zanet.pl/goralski/Indeks%20Polski_-_Gwara_g%C3%B3ralska.htm,Polish language resource,,
Sources > Translations > Language / Dialect,Słownik gwary miejskiej Poznania,https://www.poznan.pl/mim/slownik/,Polish language resource,,
Sources > Translations > Language / Dialect,Słownik Górali Polskich na Bukowinie,https://rcin.org.pl/Content/39095/WA243_54147_2631445_SLOWNIK-GORALI_0000.pdf,Polish language resource,,
Sources > Translations > Language / Dialect,Słownik Śląski,http://www.slownikslaski.pl/polskoslaski.html,Polish language resource,,
Sources > Translations > Slang,miejski.pl,https://www.miejski.pl/,Polish language resource,,
Sources > Translations > Slang,slangu.pl,https://www.slangu.pl/,Polish language resource,,
Sources > Translations > Slang,Wikisłownik - Slangi,https://pl.wiktionary.org/wiki/Kategoria:Polski_(slangi),Web-based resource from pl.wiktionary.org,,
Sources > Translations > Symbols,Tatuaże więzienne - dziary.com,https://dziary.com/blog/blog-tatuaze-tatuaze-wiezienne-rodzaje-i-znaczenie-7263,Web-based resource from dziary.com,,
Sources > Translations > Symbols,Wszystkie Symbole,https://wszystkiesymbole.pl/,Polish language resource,,
Sources > Public Records > Pet Registry,CBDZOE,https://www.cbdzoe.pl/bazazwierzat/,Polish language resource,,
Sources > Public Records > Pet Registry,INDENTYFIKACJA.pl,https://www.identyfikacja.pl/,Polish language resource,,
Sources > Public Records > Pet Registry,SAFE-ANIMAL,https://www.safe-animal.eu/pl/szukaj/,Web-based resource from safe-animal.eu,,
Sources > Public Records,Bank Danych,https://bankdanych.io/,Web-based resource from bankdanych.io,,
Sources > Public Records,Biuletyn Zamówień Publicznych,https://searchbzp.uzp.gov.pl/,Government official resource,,
Sources > Public Records,Elektroniczne Księgi Wieczyste,https://ekw.ms.gov.pl/eukw_ogol/menu.do,Government official resource,,
Sources > Public Records,Lista osób i podmiotów objętych sankcjami,https://www.gov.pl/web/mswia/lista-osob-i-podmiotow-objetych-sankcjami,Polish language resource,,
Sources > Public Records,Lista punktów adresowych - Adres Uniwersalny,https://wms02.epodgik.pl/adruni/adruni.zip,Polish language resource,,
Sources > Public Records,Otwarte Dane,https://dane.gov.pl/pl,Government official resource,,
Sources > Public Records,Obywatelskie Fedrowanie Danych,https://fedrowanie.siecobywatelska.pl/,Polish language resource,,
Sources > Public Records,Platforma Rejestrów Medycznych,https://rejestrymedyczne.ezdrowie.gov.pl/main,Government official resource,,
Sources > Public Records,Portal Zbiórek Publicznych,http://zbiorki.gov.pl/zbiorki/index,Government official resource,,
Sources > Public Records,PRADO,https://www.consilium.europa.eu/prado/en/prado-start-page.html,Web-based resource from consilium.europa.eu,,
Sources > Public Records,"Rejestr Wniosków, Decyzji i Zgłoszeń w sprawach budowlanych",http://wyszukiwarka.gunb.gov.pl/,Government official resource,,
Sources > Public Records,Rejestry Państwowej Służby Zatrudnienia,https://stor.praca.gov.pl/portal/strona-glowna,Government official resource,,
Sources > Public Records,Rejestr Zastawów Skarbowych,https://www.finanse.mf.gov.pl/pp/rzsw,Government official resource,,
Sources > Public Records,Urząd Patentowy Rzeczypospolitej Polskiej,https://ewyszukiwarka.pue.uprp.gov.pl/,Government official resource,,
Sources > Public Records,Wykaz dokumentów Ministerstwa Klimatu,https://wykaz.ekoportal.pl/CardList.seam,Polish language resource,,
Sources > Public Records,Zintegrowany Rejestr Kwalifikacji,https://rejestr.kwalifikacje.gov.pl,Government official resource,,
Sources > Law,Baza Orzeczeń Trybunału Konstytucyjnego,https://trybunal.gov.pl/orzeczenia/,Government official resource,,
Sources > Law,Centralna Baza Orzeczeń Sądów Administracyjnych,http://orzeczenia.nsa.gov.pl/cbo/query,Government official resource,,
Sources > Law,Dzienniki Urzędowe,https://dziennikiurzedowe.rcl.gov.pl/index.html,Government official resource,,
Sources > Law,Internetowy System Aktów Prawnych,https://isap.sejm.gov.pl/,Government official resource,,
Sources > Law,Lista ostrzeżeń publicznych KNF,https://www.knf.gov.pl/dla_konsumenta/ostrzezenia_publiczne,Government official resource,,
Sources > Law,Orzecznictwo Europejskiego Trybunału Praw Człowieka,https://etpcz.ms.gov.pl/searchetpc,Government official resource,,
Sources > Law,Portal Orzeczeń Sądów Powszechnych,http://orzeczenia.ms.gov.pl/,Government official resource,,
Sources > Law,Publiczny Portal Informacji o Prawie,https://ppiop.rcl.gov.pl/index.php?r=,Government official resource,,
Sources > Law,Rejestry Notarialne,https://rejestry-notarialne.pl,Polish language resource,,
Sources > Law,Rządowy Proces Legislacyjny,https://legislacja.rcl.gov.pl/,Government official resource,,
Sources > Law,Sejm-Stats,https://www.sejm-stats.pl/,Polish language resource,,
Sources > Law,System Analizy Orzeczeń Sądowych,https://www.saos.org.pl/,Polish language resource,,
Sources > Law,Wyszukiwarka Orzeczeń TSUE,https://curia.europa.eu/juris/recherche.jsf?language=pl,Web-based resource from curia.europa.eu,,
Sources > Law,Wyszukiwarka Orzeczeń Urzędu Zamówień Publicznych,https://orzeczenia.uzp.gov.pl/Home/Search,Government official resource,,
Sources > Law,Wyroki dotyczące Decyzji Prezesa UOKiK,https://decyzje.uokik.gov.pl/bp/wyroki.nsf,Government official resource,,
Sources > Schools,Nauka Polska,https://nauka-polska.pl,Polish language resource,,
Sources > Schools,POL-on,https://polon.nauka.gov.pl/opi/glowna?execution=e16s1,Government official resource,,
Sources > Schools,RAD-on,https://radon.nauka.gov.pl/,Government official resource,,
Sources > Schools,Repozytorium Otwartych Publikacji Naukowych,https://open.icm.edu.pl/,Educational institution resource,,
Sources > Schools,Wykaz Uczelni Publicznych,https://www.gov.pl/web/nauka/uczelnie-publiczne/,Polish language resource,,
Sources > Schools,Wyszukiwarka szkół i placówek oświatowych,https://rspo.gov.pl/,Government official resource,,
Sources > Transportation > Land Traffic > Timetables,przyjazdy.pl,https://przyjazdy.pl/,Polish language resource,,
Sources > Transportation > Land Traffic > Timetables,jakdojade API,https://jakdojade.pl/public/pages/api/index.html,Polish language resource,Registration Required,
Sources > Transportation > Land Traffic > Timetables,e-podrożnik.pl,https://www.e-podroznik.pl,Polish language resource,,
Sources > Transportation > Land Traffic > Vehicle Localization > By Cities,Długołęka,http://dlugoleka.sims.pl/dipap/maps/map.html,Polish language resource,,
Sources > Transportation > Land Traffic > Vehicle Localization > By Cities,Kobierzyce,http://kobierzyce.sims.pl:81/dipap/maps/map.html,Web-based resource from kobierzyce.sims.pl:81,,
Sources > Transportation > Land Traffic > Vehicle Localization > By Cities,Kraków,https://www.mapakrakow.pl/,Polish language resource,,
Sources > Transportation > Land Traffic > Vehicle Localization > By Cities,Warszawa,https://realbus.pl/,Polish language resource,,
Sources > Transportation > Land Traffic > Vehicle Localization > By Cities,Wrocław,https://mpk.wroc.pl/strefa-pasazera/zaplanuj-podroz/mapa-pozycji-pojazdow,Polish language resource,,
Sources > Transportation > Land Traffic > Vehicle Localization,KiedyPrzyjedzie.pl,http://kiedyprzyjedzie.pl/,Polish language resource,,
Sources > Transportation > Land Traffic > Vehicle Localization,BusLive,https://buslive.pl/,Polish language resource,Tool/App,
Sources > Transportation > Land Traffic > Vehicle Localization,Dworzec Online,https://dworzeconline.pl/info/podroze/autobusy-na-trasie,Polish language resource,,
Sources > Transportation > Land Traffic > Vehicle Localization,PKP - Portal Pasażera,https://portalpasazera.pl/MapaOL,Polish language resource,,
Sources > Transportation > Land Traffic > Vehicle Localization,Czynaczas.pl,https://czynaczas.pl,Polish language resource,,
Sources > Transportation > Land Traffic > Vehicle Localization,Jedzie.pl,https://jedzie.pl/,Polish language resource,,
Sources > Transportation > Land Traffic > License Plates,Indywidualni Na Drodze,http://indywidualninadrodze.pl/,Polish language resource,,
Sources > Transportation > Land Traffic > License Plates,PlatesMania.com,https://platesmania.com/,Web-based resource from platesmania.com,,
Sources > Transportation > Land Traffic > License Plates,Polskie Tablice Rejestracyjne,http://wptr.pl/,Polish language resource,,
Sources > Transportation > Land Traffic > License Plates,Rejestr Piratów Drogowych,http://piraci-drogowi.pl/,Polish language resource,,
Sources > Transportation > Land Traffic > License Plates,tablica-rejestracyjna.pl,https://tablica-rejestracyjna.pl/,Polish language resource,,
Sources > Transportation > Land Traffic > License Plates,Wyszukiwarka numerów rejestracyjnych,http://rejestracje.website.media.pl/,Polish language resource,,
Sources > Transportation > Land Traffic > Stolen Vehicles,Fb: Skradzione Samochody Cała Polska,https://www.facebook.com/groups/skradzionesamochodypolska/,Facebook-related resource,,
Sources > Transportation > Land Traffic > Stolen Vehicles,Fb: Skradzione Samochody Polska,https://www.facebook.com/groups/392590575064219/,Facebook-related resource,,
Sources > Transportation > Land Traffic > Stolen Vehicles,skradzione-samochody.pl,https://skradzione-samochody.pl/,Polish language resource,,
Sources > Transportation > Land Traffic > Stolen Vehicles,stolencars24,https://www.stolencars24.eu/pl/,Web-based resource from stolencars24.eu,,
Sources > Transportation > Land Traffic > Spotting,Autogespot,https://www.autogespot.pl/,Polish language resource,,
Sources > Transportation > Land Traffic > Spotting,fotobus.msk.ru,https://fotobus.msk.ru/city/65/,Web-based resource from fotobus.msk.ru,,
Sources > Transportation > Land Traffic > Spotting,phototrans.eu,https://phototrans.eu/,Web-based resource from phototrans.eu,,
Sources > Transportation > Land Traffic > Spotting,truck-spotters.eu,http://www.truck-spotters.eu,Web-based resource from truck-spotters.eu,,
Sources > Transportation > Land Traffic,Atlas Kolejowy,https://www.atlaskolejowy.net,Web-based resource from atlaskolejowy.net,,
Sources > Transportation > Land Traffic,autobaza.pl,https://www.autobaza.pl/,Polish language resource,,
Sources > Transportation > Land Traffic,Baza Wagonów Kolejowych,https://bazawagonow.pl/wagonyy/,Polish language resource,,
Sources > Transportation > Land Traffic,CEPiK API,https://api.cepik.gov.pl/doc,Government official resource,,
Sources > Transportation > Land Traffic,Centralna Ewidencja Pojazdów - Bezpieczny Autobus,https://bezpiecznyautobus.gov.pl/,Government official resource,,
Sources > Transportation > Land Traffic,Centralna Ewidencja Pojazdów - Historia Pojazdu,https://historiapojazdu.gov.pl/,Government official resource,,
Sources > Transportation > Land Traffic,datarejestracji.senda.pl,https://datarejestracji.senda.pl/,Polish language resource,,
Sources > Transportation > Land Traffic,Dekoder VIN,https://pl.vindecoder.pl/,Polish language resource,,
Sources > Transportation > Land Traffic,Dworce kolejowe w Polsce,https://bezpieczenstwo.maps.arcgis.com/apps/webappviewer/index.html?id=5c5e66342b7d4aa99519fce06868eecc,Web-based resource from bezpieczenstwo.maps.arcgis.com,,
Sources > Transportation > Land Traffic,Ilostan Pojazdów Trakcyjnych,https://ilostan.forumkolejowe.pl/,Polish language resource,,
Sources > Transportation > Land Traffic,Ogólnopolska Baza Kolejowa,https://www.bazakolejowa.pl/,Polish language resource,,
Sources > Transportation > Land Traffic,Prywatna Strona Miłośnika Komunikacji Miejskiej i Szynowej,https://psmkms.krakow.pl/,Polish language resource,,
Sources > Transportation > Land Traffic,Raporty Państwowej Komisji Badania Wypadków Kolejowych,https://www.gov.pl/web/mswia/raporty,Polish language resource,,
Sources > Transportation > Land Traffic,Ubezpieczeniowy Fundusz Gwarancyjny,https://www.ufg.pl/infoportal/,Polish language resource,,
Sources > Transportation > Air Traffic > Spotting,EPKT Spotters,http://epktspotters.org,Web-based resource from epktspotters.org,,
Sources > Transportation > Air Traffic > Spotting,lotnictwo.net.pl,http://lotnictwo.net.pl/gallery-home/,Polish language resource,,
Sources > Transportation > Air Traffic > Spotting,RNAV Polish Spotters,https://www.rnavspotters.pl/,Polish language resource,,
Sources > Transportation > Air Traffic > Spotting,Skrzydla.org,https://skrzydla.org,Web-based resource from skrzydla.org,,
Sources > Transportation > Air Traffic > Localization,ADS-B Exchange,https://globe.adsbexchange.com/,Web-based resource from globe.adsbexchange.com,,
Sources > Transportation > Air Traffic > Localization,eSky,https://www.esky.pl/radar,Polish language resource,,
Sources > Transportation > Air Traffic,Archiwum Publikacji ULC,https://ulc.gov.pl/pl/publikacje/publikacje,Government official resource,,
Sources > Transportation > Air Traffic,bezpieczenstwo.dlapilota.pl,https://bezpieczenstwo.dlapilota.pl/,Polish language resource,,
Sources > Transportation > Air Traffic,Raporty Państwowej Komisji Badania Wypadków Lotniczych,https://pkbwl.gov.pl/index.php/raporty,Government official resource,,
Sources > Transportation > Air Traffic,Rejestr lotnisk i ewidencja lądowisk,https://www.ulc.gov.pl/pl/lotniska/rejestr-lotnisk-i-ewidencja-ladowisk,Government official resource,,
Sources > Transportation > Marine Traffic > Ship Movements / Localization,Porty Szczecin-Świnoujście,https://port.szczecin.pl/porty/ruch-statkow/w-szczecinie/,Polish language resource,,
Sources > Transportation > Marine Traffic > Ship Movements / Localization,Urząd Morski w Gdyni,https://www.umgdy.gov.pl/bezpieczenstwo-morskie/ruch-statkow/,Government official resource,,
Sources > Transportation > Marine Traffic > Ship Movements / Localization,Urząd Morski w Szczecinie,https://www.ums.gov.pl/bezpieczenstwo-morskie/ruch-statkow,Government official resource,,
Sources > Transportation > Marine Traffic > Ship Movements / Localization,Wycieczkowce - Port Gdynia,https://www.port.gdynia.pl/wycieczkowce/,Polish language resource,,
Sources > Transportation > Marine Traffic > Spotting,Shipspotting.pl,https://shipspotting.pl,Polish language resource,,
Sources > Transportation > Marine Traffic > Spotting,Fb: Shipspotting Poland,https://www.facebook.com/groups/plship/,Facebook-related resource,,
Sources > Transportation > Marine Traffic,Polski Rejestr Statków,https://prs.pl/publikacje/publikacje-do-pobrania/#rejestr,Polish language resource,,
Sources > Transportation > Marine Traffic,Raporty Państwowej Komisji Badania Wypadków Morskich,https://www.gov.pl/web/pkbwm/raport-z-badan,Polish language resource,,
Sources > Transportation > Marine Traffic,Wykaz portów i przystani - UM w Szczecinie,https://www.ums.gov.pl/informator-urzedowy/wykaz-portow-i-przystani,Government official resource,,
Sources > Transportation > Marine Traffic,Zatrzymania statków,https://www.umgdy.gov.pl/bezpieczenstwo-morskie/zatrzymania-statkow/,Government official resource,,
Sources > Dark Web,Aktywne Strony TOR,https://itcontent.eu/aktywne-strony-tor/,Web-based resource from itcontent.eu,,
Sources > Documents / Videos / Photos > Documents > Storage,Chomikuj.pl,https://chomikuj.pl/,Polish language resource,,
Sources > Documents / Videos / Photos > Documents > Storage,Docer Polska,https://docer.pl/,Polish language resource,,
Sources > Documents / Videos / Photos > Documents > Storage,doci.pl,https://doci.pl/,Polish language resource,,
Sources > Documents / Videos / Photos > Documents > Storage,SlidePlayer,http://slideplayer.pl/,Polish language resource,,
Sources > Documents / Videos / Photos > Documents > Shorteners,Pastebin.pl,https://pastebin.pl/,Polish language resource,,
Sources > Documents / Videos / Photos > Webcams,AirMAX - streaming,https://airmax.pl/streaming-kamery,Polish language resource,,
Sources > Documents / Videos / Photos > Webcams,Gawex Media,https://www.gawex.pl/kamery,Polish language resource,,
Sources > Documents / Videos / Photos > Webcams,Kamery.edu.pl,https://kamery.edu.pl/,Educational institution resource,,
Sources > Documents / Videos / Photos > Webcams,Kamery Rzeszów,http://kamery-rzeszow.pl/,Polish language resource,,
Sources > Documents / Videos / Photos > Webcams,LiveSzczecin.pl,https://lantech.com.pl/liveszczecin/,Polish language resource,,
Sources > Documents / Videos / Photos > Webcams,lookcam.com,https://lookcam.pl/,Polish language resource,,
Sources > Documents / Videos / Photos > Webcams,TOYA GO,https://go.toya.net.pl/25-kamery,Polish language resource,,
Sources > Documents / Videos / Photos > Webcams,TRAX elektronik,https://www.traxelektronik.pl/pogoda/kamery/,Polish language resource,,
Sources > Documents / Videos / Photos > Webcams,WebCamera.pl,https://www.webcamera.pl/,Polish language resource,,
Sources > Documents / Videos / Photos > Webcams,WG Media,http://www.wgmedia.eu/kamery,Web-based resource from wgmedia.eu,,
Sources > Documents / Videos / Photos > Webcams,WorldCam,https://www.worldcam.pl/,Polish language resource,,
Sources > Documents / Videos / Photos > Webcams,Zarząd Dróg Wojewódzkich w Krakowie,https://www.zdw.krakow.pl/kamery-na-drogach/,Polish language resource,,
Sources > Documents / Videos / Photos > Video > Analysis,YTXtractor,https://seintpl.github.io/ytxtractor/,Web-based resource from seintpl.github.io,,
Sources > Documents / Videos / Photos > Video,BanBye,https://banbye.pl/,Polish language resource,,
Sources > Documents / Videos / Photos > Photos > Searching,Fotosik.pl,https://www.fotosik.pl/szukaj/,Polish language resource,,
Sources > Documents / Videos / Photos > Photos > Searching,POLSKA-ORG.PL,https://polska-org.pl/,Polish language resource,,
Sources > Phone Numbers / Phone Books,Dostawca usług (UKE),https://bip.uke.gov.pl/numeracja/dostawca-uslug/,Government official resource,,
Sources > Phone Numbers / Phone Books,Biuro numerów Play,https://biuronumerow.play.pl/onlinebook/,Polish language resource,,
Sources > Phone Numbers / Phone Books,Kto dzwonil,https://kto-dzwonil.com,Web-based resource from kto-dzwonil.com,,
Sources > Phone Numbers / Phone Books,KtoTo?,https://www.ktoto.info/,Web-based resource from ktoto.info,,
Sources > Phone Numbers / Phone Books,Książka telefoniczna Vectra,https://www.vectra.pl/ksiazka-telefoniczna/,Polish language resource,,
Sources > Phone Numbers / Phone Books,Książka telefoniczna abonentów Plus,http://www.plus.pl/ksiazka-tel-abonentow,Polish language resource,,
Sources > Phone Numbers / Phone Books,Nieznany numer,https://www.nieznany-numer.pl/,Polish language resource,,
Sources > Phone Numbers / Phone Books,pkt,https://www.pkt.pl/,Polish language resource,,
Sources > Phone Numbers / Phone Books,Rejestr Premium (UKE),https://bip.uke.gov.pl/wyszukiwarka-rejestr-premium,Government official resource,Paid,
Sources > Phone Numbers / Phone Books,Tablice Zagospodarowania Numeracji (UKE),https://numeracja.uke.gov.pl/,Government official resource,,
Sources > SIGINT > WebSDR,Białystok (SP4DJ),https://sdr.sp4dj.pl/,Polish language resource,,
Sources > SIGINT > WebSDR,Białystok (SP4DKF),https://sdr.sp4dkf.pl/,Polish language resource,,
Sources > SIGINT > WebSDR,Bielsko-Biała,http://faraon.ath.cx:8073/,Web-based resource from faraon.ath.cx:8073,,
Sources > SIGINT > WebSDR,Gdynia,https://sp2sdk.pl/,Polish language resource,,
Sources > SIGINT > WebSDR,Gościniec,http://remote_sp.proxy.kiwisdr.com:8073/,Web-based resource from remote_sp.proxy.kiwisdr.com:8073,,
Sources > SIGINT > WebSDR,Jaworzno,http://sp9ipz.zapto.org/,Web-based resource from sp9ipz.zapto.org,,
Sources > SIGINT > WebSDR,Kraków,https://websdr.bartosik.run/,Web-based resource from websdr.bartosik.run,,
Sources > SIGINT > WebSDR,Kraków 2,http://webrx.sytes.net:8073/,Web-based resource from webrx.sytes.net:8073,,
Sources > SIGINT > WebSDR,Kraków (SP9NGL),https://sdr.sp9ngl.com/,Web-based resource from sdr.sp9ngl.com,,
Sources > SIGINT > WebSDR,Kraków (SP9GC),http://sdr.noip.pl:8073/,Web-based resource from sdr.noip.pl:8073,,
Sources > SIGINT > WebSDR,Leszno,http://sdr1.gourbex.pl:8080/,Web-based resource from sdr1.gourbex.pl:8080,,
Sources > SIGINT > WebSDR,Lubatowa,http://sdr.so8oo.net/,Web-based resource from sdr.so8oo.net,,
Sources > SIGINT > WebSDR,Luboń,http://ham-radio.pl:8073/,Web-based resource from ham-radio.pl:8073,,
Sources > SIGINT > WebSDR,Miedźna,http://okno.ddns.net:8073/,Web-based resource from okno.ddns.net:8073,,
Sources > SIGINT > WebSDR,Olsztyn / Jastrzębia Góra,https://websdr.jestok.com/,Web-based resource from websdr.jestok.com,,
Sources > SIGINT > WebSDR,Siekierki Wielkie,http://s.kalinowski.edu.pl:8073/,Educational institution resource,,
Sources > SIGINT > WebSDR,Silec,http://websdr.printf.cc:8901/,Web-based resource from websdr.printf.cc:8901,,
Sources > SIGINT > WebSDR,Sobików,http://jm55.proxy.kiwisdr.com:8073/,Web-based resource from jm55.proxy.kiwisdr.com:8073,,
Sources > SIGINT > WebSDR,Stare Wierzchowo,http://87.251.229.127:8073/,Web-based resource from 87.251.229.127:8073,,
Sources > SIGINT > WebSDR,Warszawa (SP5JI),http://warszawa.proxy.kiwisdr.com:8073/,Web-based resource from warszawa.proxy.kiwisdr.com:8073,,
Sources > SIGINT > WebSDR,Wrocław (SP5JI),https://sp6pwt.club/,Web-based resource from sp6pwt.club,,
Sources > SIGINT > WebSDR,Zabrze,http://anteniarski.tplinkdns.com/,Web-based resource from anteniarski.tplinkdns.com,,
Sources > SIGINT > WebSDR,Zawiercie,http://websdr.mateusz.pro/,Web-based resource from websdr.mateusz.pro,,
Sources > SIGINT,czestotliwosci.pl.tl,https://czestotliwosci.pl.tl/,Web-based resource from czestotliwosci.pl.tl,,
Sources > SIGINT,Częstotliwości radiowe,http://www.elektronikjk.pl/telekomunikacja/czestotliwosci_radiowe/czestotliwosci_radiowe.html,Polish language resource,,
Sources > SIGINT,FM POLAND,https://fm-poland.pl/mapa/,Polish language resource,,
Sources > SIGINT,przemienniki.eu,https://przemienniki.eu/,Web-based resource from przemienniki.eu,,
Sources > SIGINT,przemienniki.net,https://przemienniki.net/,Web-based resource from przemienniki.net,,
Sources > SIGINT,Radiołączność kolejowa,http://www.peter384.cal24.pl/r/r.html,Polish language resource,,
Sources > SIGINT,SP6KXY Radiosonde Tracker,https://radiosondy.info/,Web-based resource from radiosondy.info,,
Sources > SIGINT,UKE - Wykaz Pozwoleń Radiowych,https://bip.uke.gov.pl/pozwolenia-radiowe/wykaz-pozwolen-radiowych/,Government official resource,,
Sources > OpSec > Data / Identity Generators,DaneTestowe,https://danetestowe.pl/generator,Polish language resource,,
Sources > OpSec > Data / Identity Generators,GenApps,http://genapps.pl/,Polish language resource,,
Sources > OpSec > Data / Identity Generators,Generatory IT,http://generatory.it/,Web-based resource from generatory.it,,
Sources > OpSec > Data / Identity Generators,testerzy.pl - Generatory,https://testerzy.pl/baza-wiedzy/narzedzia-online/generatory,Polish language resource,,
Sources > OpSec > Disposable Email Accounts,AdresTymczasowy.pl,https://adrestymczasowy.pl/,Polish language resource,,
Sources > OpSec > Disposable Email Accounts,niepodam.pl,http://niepodam.pl/,Polish language resource,,
Sources > Investigation Platforms,OSINTQUEST Investigation Platform,https://platform.osintquest.pl/,Polish language resource,,
Sources > Knowledge Base > Blogs,counterintelligence.pl,https://counterintelligence.pl/,Polish language resource,,
Sources > Knowledge Base > Blogs,OSINT Quest,https://osintquest.pl/,Polish language resource,,
Sources > Knowledge Base > Blogs,Rynek Informacji,https://rynekinformacji.pl/,Polish language resource,,
Sources > Knowledge Base > Blogs,Sekurak - OSINT Hints,https://sekurak.pl/tag/osint/,Polish language resource,,
Sources > Knowledge Base > Blogs,Sztuka Szukania,https://www.sztukaszukania.pl/blog/,Polish language resource,,
Sources > Knowledge Base > Blogs,Zaufana Trzecia Strona,https://zaufanatrzeciastrona.pl/post/tag/osint/,Polish language resource,,
Sources > Knowledge Base > Courses /  Presentations,"Dark Lord vs Sigma Guard - A. Haertle, P. Maziarz",https://youtu.be/b9UofNNjIuk,Web-based resource from youtu.be,,
Sources > Knowledge Base > Courses /  Presentations,Jeden obraz tysiąc słów... - P. Feruś,https://youtu.be/LQb1oFfdM3g,Web-based resource from youtu.be,,
Sources > Knowledge Base > Courses /  Presentations,OSINT - P. Hordyński,https://youtube.com/playlist?list=PLOpLrF19DPQboi0AIoDcAO7AUNPBl8scQ&feature=shared,Web-based resource from youtube.com,,
Sources > Knowledge Base > Courses /  Presentations,OSINT - biały wywiad - P. Konieczny,https://youtu.be/JHSHUXlkeTg,Web-based resource from youtu.be,,
Sources > Knowledge Base > Courses /  Presentations,OSINT – jakie informacje o sobie można znaleźć w Internecie - K. Szurek,https://youtu.be/Nk8jQhRFcBg,Web-based resource from youtu.be,,
Sources > Knowledge Base > Courses /  Presentations,OSINT OPSEC Dezinformacja - K. Wosiński,https://www.youtube.com/watch?v=123qZ5fQEGo,Web-based resource from youtube.com,,
Sources > Knowledge Base > Courses /  Presentations,Wykorzystanie narzędzi AI w OSINT - T. Turba,https://www.youtube.com/watch?v=xYkf30lgUHw,Web-based resource from youtube.com,,
Sources > Knowledge Base > Literature,Wykorzystanie otwartych źródeł informacji w działalności wywiadowczej,https://wnpism.uw.edu.pl/wp-content/uploads/2019/08/Wykorzystanie-otwartych-zrodel.pdf,Educational institution resource,,
Sources > Knowledge Base > Newsletters,OSINT Newsletter - A. Pawłowska,https://www.alicjapawlowska.com/,Web-based resource from alicjapawlowska.com,,
